time,"P(B1|XI19)","P(B2|XI19)","P(B5|XI19)","P(B6|XI19)"
0.000000e+00,0.000000e+00,0.000000e+00,0.000000e+00,0.000000e+00
1.000000e-12,4.383432e-03,9.488848e-04,-1.372283e-03,2.071529e-03
2.000000e-12,1.661309e-02,4.341958e-03,-3.974549e-03,1.145972e-02
3.000000e-12,2.747107e-02,8.025591e-03,-4.740198e-03,2.226179e-02
4.000000e-12,3.793001e-02,1.121589e-02,-5.579067e-03,3.182609e-02
5.000000e-12,4.873370e-02,1.452666e-02,-6.505829e-03,4.195716e-02
6.000000e-12,5.949232e-02,1.794195e-02,-7.390571e-03,5.204993e-02
7.000000e-12,7.023008e-02,2.127250e-02,-8.255877e-03,6.211625e-02
8.000000e-12,8.098791e-02,2.462373e-02,-9.134262e-03,7.219959e-02
9.000000e-12,9.175442e-02,2.798646e-02,-1.000372e-02,8.230437e-02
1.000000e-11,1.025294e-01,3.134158e-02,-1.086957e-02,9.241436e-02
1.100000e-11,1.133144e-01,3.470102e-02,-1.173093e-02,1.025408e-01
1.200000e-11,1.241121e-01,3.806333e-02,-1.258701e-02,1.126842e-01
1.300000e-11,1.349228e-01,4.142718e-02,-1.343723e-02,1.228449e-01
1.400000e-11,1.457478e-01,4.479387e-02,-1.428092e-02,1.330259e-01
1.500000e-11,1.565885e-01,4.816346e-02,-1.511753e-02,1.432286e-01
1.600000e-11,1.674461e-01,5.153607e-02,-1.594638e-02,1.534548e-01
1.700000e-11,1.783219e-01,5.491205e-02,-1.676681e-02,1.637067e-01
1.800000e-11,1.892173e-01,5.829162e-02,-1.757813e-02,1.739861e-01
1.900000e-11,2.001335e-01,6.167506e-02,-1.837965e-02,1.842950e-01
2.000000e-11,2.110720e-01,6.506263e-02,-1.917062e-02,1.946356e-01
2.100000e-11,2.220341e-01,6.845461e-02,-1.995031e-02,2.050100e-01
2.200000e-11,2.330212e-01,7.185128e-02,-2.071791e-02,2.154203e-01
2.300000e-11,2.440348e-01,7.525294e-02,-2.147263e-02,2.258688e-01
2.400000e-11,2.550764e-01,7.865987e-02,-2.221360e-02,2.363580e-01
2.500000e-11,2.661475e-01,8.207239e-02,-2.293995e-02,2.468901e-01
2.600000e-11,2.772496e-01,8.549082e-02,-2.365074e-02,2.574678e-01
2.700000e-11,2.883843e-01,8.891549e-02,-2.434500e-02,2.680935e-01
2.800000e-11,2.995532e-01,9.234675e-02,-2.502172e-02,2.787701e-01
2.900000e-11,3.107581e-01,9.578494e-02,-2.567983e-02,2.895004e-01
3.000000e-11,3.220007e-01,9.923044e-02,-2.631818e-02,3.002872e-01
3.100000e-11,3.332827e-01,1.026836e-01,-2.693559e-02,3.111337e-01
3.210000e-11,3.457407e-01,1.064915e-01,-2.758906e-02,3.231377e-01
3.310000e-11,3.571116e-01,1.099622e-01,-2.815830e-02,3.341202e-01
3.410000e-11,3.685279e-01,1.134419e-01,-2.870243e-02,3.451729e-01
3.510000e-11,3.799916e-01,1.169310e-01,-2.921994e-02,3.562996e-01
3.610000e-11,3.915049e-01,1.204301e-01,-2.970919e-02,3.675042e-01
3.710000e-11,4.030699e-01,1.239396e-01,-3.016847e-02,3.787909e-01
3.810000e-11,4.146889e-01,1.274602e-01,-3.059590e-02,3.901641e-01
3.910000e-11,4.263643e-01,1.309923e-01,-3.098950e-02,4.016286e-01
4.010000e-11,4.380987e-01,1.345366e-01,-3.134711e-02,4.131893e-01
4.110000e-11,4.498946e-01,1.380937e-01,-3.166643e-02,4.248515e-01
4.210000e-11,4.617548e-01,1.416643e-01,-3.194496e-02,4.366211e-01
4.310000e-11,4.736822e-01,1.452491e-01,-3.217997e-02,4.485040e-01
4.410000e-11,4.856796e-01,1.488489e-01,-3.236851e-02,4.605069e-01
4.510000e-11,4.977504e-01,1.524646e-01,-3.250738e-02,4.726367e-01
4.610000e-11,5.098979e-01,1.560970e-01,-3.259304e-02,4.849010e-01
4.710000e-11,5.221255e-01,1.597472e-01,-3.262165e-02,4.973082e-01
4.810000e-11,5.344371e-01,1.634161e-01,-3.258895e-02,5.098670e-01
4.910000e-11,5.468366e-01,1.671049e-01,-3.249023e-02,5.225873e-01
5.010000e-11,5.593157e-01,1.708126e-01,-3.231649e-02,5.354757e-01
5.110000e-11,5.662558e-01,1.733371e-01,-3.040477e-02,5.457668e-01
5.210000e-11,5.649624e-01,1.734459e-01,-2.803131e-02,5.476873e-01
5.310000e-11,5.646566e-01,1.731482e-01,-2.819093e-02,5.469029e-01
5.410000e-11,5.649526e-01,1.732487e-01,-2.828514e-02,5.471870e-01
5.510000e-11,5.649440e-01,1.733179e-01,-2.820547e-02,5.472551e-01
5.610000e-11,5.649090e-01,1.732651e-01,-2.819376e-02,5.472591e-01
5.710000e-11,5.649175e-01,1.732741e-01,-2.820970e-02,5.472450e-01
5.810000e-11,5.649217e-01,1.732823e-01,-2.820585e-02,5.472526e-01
5.910000e-11,5.649202e-01,1.732770e-01,-2.820495e-02,5.472558e-01
6.010000e-11,5.649194e-01,1.732777e-01,-2.820625e-02,5.472539e-01
6.110000e-11,5.649200e-01,1.732785e-01,-2.820574e-02,5.472549e-01
6.210000e-11,5.649201e-01,1.732781e-01,-2.820593e-02,5.472550e-01
6.310000e-11,5.649199e-01,1.732781e-01,-2.820596e-02,5.472551e-01
6.410000e-11,5.649200e-01,1.732782e-01,-2.820593e-02,5.472551e-01
6.510000e-11,5.649200e-01,1.732781e-01,-2.820595e-02,5.472551e-01
6.610000e-11,5.649200e-01,1.732781e-01,-2.820596e-02,5.472551e-01
6.710000e-11,5.649200e-01,1.732781e-01,-2.820595e-02,5.472551e-01
6.810000e-11,5.649200e-01,1.732781e-01,-2.820596e-02,5.472551e-01
6.910000e-11,5.649200e-01,1.732781e-01,-2.820596e-02,5.472551e-01
7.010000e-11,5.649200e-01,1.732781e-01,-2.820596e-02,5.472551e-01
7.110000e-11,5.649200e-01,1.732781e-01,-2.820596e-02,5.472551e-01
7.210000e-11,5.649200e-01,1.732781e-01,-2.820596e-02,5.472551e-01
7.310000e-11,5.649200e-01,1.732781e-01,-2.820596e-02,5.472551e-01
7.410000e-11,5.649200e-01,1.732781e-01,-2.820596e-02,5.472551e-01
7.510000e-11,5.649200e-01,1.732781e-01,-2.820596e-02,5.472551e-01
7.610000e-11,5.649200e-01,1.732781e-01,-2.820596e-02,5.472551e-01
7.710000e-11,5.649200e-01,1.732781e-01,-2.820596e-02,5.472551e-01
7.810000e-11,5.649200e-01,1.732781e-01,-2.820596e-02,5.472551e-01
7.910000e-11,5.649200e-01,1.732781e-01,-2.820596e-02,5.472551e-01
8.000000e-11,5.649200e-01,1.732781e-01,-2.820596e-02,5.472551e-01
8.100000e-11,5.649200e-01,1.732781e-01,-2.820596e-02,5.472551e-01
8.200000e-11,5.649200e-01,1.732781e-01,-2.820596e-02,5.472551e-01
8.300000e-11,5.649200e-01,1.732781e-01,-2.820596e-02,5.472551e-01
8.400000e-11,5.649200e-01,1.732781e-01,-2.820596e-02,5.472551e-01
8.500000e-11,5.649200e-01,1.732781e-01,-2.820596e-02,5.472551e-01
8.600000e-11,5.649200e-01,1.732781e-01,-2.820596e-02,5.472551e-01
8.700000e-11,5.649200e-01,1.732781e-01,-2.820596e-02,5.472551e-01
8.800000e-11,5.649200e-01,1.732781e-01,-2.820596e-02,5.472551e-01
8.900000e-11,5.649200e-01,1.732781e-01,-2.820596e-02,5.472551e-01
9.000000e-11,5.649200e-01,1.732781e-01,-2.820596e-02,5.472551e-01
9.100000e-11,5.649200e-01,1.732781e-01,-2.820596e-02,5.472551e-01
9.200000e-11,5.649200e-01,1.732781e-01,-2.820596e-02,5.472551e-01
9.300000e-11,5.649200e-01,1.732781e-01,-2.820596e-02,5.472551e-01
9.400000e-11,5.649200e-01,1.732781e-01,-2.820596e-02,5.472551e-01
9.500000e-11,5.649200e-01,1.732781e-01,-2.820596e-02,5.472551e-01
9.600000e-11,5.649200e-01,1.732781e-01,-2.820596e-02,5.472551e-01
9.700000e-11,5.649200e-01,1.732781e-01,-2.820596e-02,5.472551e-01
9.800000e-11,5.649200e-01,1.732781e-01,-2.820596e-02,5.472551e-01
9.900000e-11,5.649200e-01,1.732781e-01,-2.820596e-02,5.472551e-01
1.000000e-10,5.649200e-01,1.732781e-01,-2.820596e-02,5.472551e-01
1.010000e-10,5.649204e-01,1.732786e-01,-2.820108e-02,5.472572e-01
1.020000e-10,5.649440e-01,1.733031e-01,-2.795621e-02,5.473672e-01
1.030000e-10,5.651595e-01,1.735169e-01,-2.592100e-02,5.483201e-01
1.040000e-10,5.658309e-01,1.741469e-01,-2.008223e-02,5.511800e-01
1.050000e-10,5.670921e-01,1.752940e-01,-9.666814e-03,5.564666e-01
1.060000e-10,5.696077e-01,1.776143e-01,1.131742e-02,5.670627e-01
1.070000e-10,5.749551e-01,1.825611e-01,5.642531e-02,5.897583e-01
1.080000e-10,5.858209e-01,1.925252e-01,1.471449e-01,6.360878e-01
1.090000e-10,6.075697e-01,2.124394e-01,3.300658e-01,7.306751e-01
1.100000e-10,6.485534e-01,2.493677e-01,6.837817e-01,9.167766e-01
1.110000e-10,7.245958e-01,3.167822e-01,1.451390e+00,1.304114e+00
1.120000e-10,7.482445e-01,3.216030e-01,2.460901e+00,1.657900e+00
1.130000e-10,6.352991e-01,2.162321e-01,3.505149e+00,1.413361e+00
1.140000e-10,5.767611e-01,1.836652e-01,5.905232e+00,8.243324e-01
1.150000e-10,5.468753e-01,1.568333e-01,6.635287e+00,3.524584e-01
1.160000e-10,5.732402e-01,1.833934e-01,6.172527e+00,5.622764e-01
1.170000e-10,5.642996e-01,1.706175e-01,6.227382e+00,5.872493e-01
1.180000e-10,5.626085e-01,1.715147e-01,6.271437e+00,5.277153e-01
1.190000e-10,5.665864e-01,1.755152e-01,6.257704e+00,5.487738e-01
1.200000e-10,5.645324e-01,1.722299e-01,6.249616e+00,5.492291e-01
1.210000e-10,5.648184e-01,1.734348e-01,6.257094e+00,5.468240e-01
1.220000e-10,5.649632e-01,1.733567e-01,6.254772e+00,5.468345e-01
1.230000e-10,5.649777e-01,1.732487e-01,6.254903e+00,5.475691e-01
1.240000e-10,5.648651e-01,1.732577e-01,6.254944e+00,5.471762e-01
1.250000e-10,5.649362e-01,1.732996e-01,6.255042e+00,5.472528e-01
1.260000e-10,5.649237e-01,1.732707e-01,6.254951e+00,5.472583e-01
1.270000e-10,5.649160e-01,1.732781e-01,6.254984e+00,5.472595e-01
1.280000e-10,5.649206e-01,1.732793e-01,6.254981e+00,5.472521e-01
1.290000e-10,5.649209e-01,1.732778e-01,6.254979e+00,5.472563e-01
1.300000e-10,5.649197e-01,1.732782e-01,6.254980e+00,5.472556e-01
1.310000e-10,5.649201e-01,1.732782e-01,6.254980e+00,5.472553e-01
1.320000e-10,5.649202e-01,1.732782e-01,6.254980e+00,5.472555e-01
1.330000e-10,5.649200e-01,1.732782e-01,6.254980e+00,5.472554e-01
1.340000e-10,5.649201e-01,1.732782e-01,6.254980e+00,5.472555e-01
1.350000e-10,5.649201e-01,1.732782e-01,6.254980e+00,5.472554e-01
1.360000e-10,5.649201e-01,1.732782e-01,6.254980e+00,5.472555e-01
1.370000e-10,5.649201e-01,1.732782e-01,6.254980e+00,5.472554e-01
1.380000e-10,5.649201e-01,1.732782e-01,6.254980e+00,5.472555e-01
1.390000e-10,5.649201e-01,1.732782e-01,6.254980e+00,5.472554e-01
1.400000e-10,5.649201e-01,1.732782e-01,6.254980e+00,5.472555e-01
1.410000e-10,5.649201e-01,1.732782e-01,6.254980e+00,5.472554e-01
1.420000e-10,5.649201e-01,1.732782e-01,6.254980e+00,5.472554e-01
1.430000e-10,5.649201e-01,1.732782e-01,6.254980e+00,5.472554e-01
1.440000e-10,5.649201e-01,1.732782e-01,6.254980e+00,5.472554e-01
1.450000e-10,5.649201e-01,1.732782e-01,6.254980e+00,5.472554e-01
1.460000e-10,5.649201e-01,1.732782e-01,6.254980e+00,5.472554e-01
1.470000e-10,5.649201e-01,1.732782e-01,6.254980e+00,5.472554e-01
1.480000e-10,5.649201e-01,1.732782e-01,6.254980e+00,5.472554e-01
1.490000e-10,5.649201e-01,1.732782e-01,6.254980e+00,5.472554e-01
1.500000e-10,5.649201e-01,1.732782e-01,6.254980e+00,5.472554e-01
1.510000e-10,8.255039e-01,8.156322e-02,6.331194e+00,4.782921e-01
1.520000e-10,1.279110e+00,-1.058799e-01,6.363893e+00,4.212576e-01
1.530000e-10,1.301685e+00,-1.917639e-02,6.312123e+00,4.775632e-01
1.540000e-10,1.274559e+00,5.547158e-03,6.351184e+00,4.427029e-01
1.550000e-10,1.258967e+00,-3.470116e-02,6.338350e+00,4.497323e-01
1.560000e-10,1.252673e+00,-2.161308e-02,6.338777e+00,4.522367e-01
1.570000e-10,1.254664e+00,-2.052804e-02,6.339708e+00,4.502001e-01
1.580000e-10,1.257122e+00,-2.336877e-02,6.340055e+00,4.504286e-01
1.590000e-10,1.256905e+00,-2.194332e-02,6.339475e+00,4.505493e-01
1.600000e-10,1.256575e+00,-2.210961e-02,6.339600e+00,4.507100e-01
1.610000e-10,1.256595e+00,-2.231766e-02,6.339728e+00,4.504754e-01
1.620000e-10,1.256565e+00,-2.221028e-02,6.339621e+00,4.506004e-01
1.630000e-10,1.256587e+00,-2.221024e-02,6.339653e+00,4.505695e-01
1.640000e-10,1.256596e+00,-2.223371e-02,6.339656e+00,4.505666e-01
1.650000e-10,1.256591e+00,-2.222051e-02,6.339650e+00,4.505722e-01
1.660000e-10,1.256591e+00,-2.222240e-02,6.339651e+00,4.505702e-01
1.670000e-10,1.256591e+00,-2.222459e-02,6.339652e+00,4.505704e-01
1.680000e-10,1.256591e+00,-2.222296e-02,6.339651e+00,4.505704e-01
1.690000e-10,1.256591e+00,-2.222337e-02,6.339651e+00,4.505706e-01
1.700000e-10,1.256591e+00,-2.222347e-02,6.339651e+00,4.505704e-01
1.710000e-10,1.256591e+00,-2.222335e-02,6.339651e+00,4.505705e-01
1.720000e-10,1.256591e+00,-2.222338e-02,6.339651e+00,4.505704e-01
1.730000e-10,1.256591e+00,-2.222339e-02,6.339651e+00,4.505705e-01
1.740000e-10,1.256591e+00,-2.222338e-02,6.339651e+00,4.505705e-01
1.750000e-10,1.256591e+00,-2.222338e-02,6.339651e+00,4.505705e-01
1.760000e-10,1.256591e+00,-2.222338e-02,6.339651e+00,4.505705e-01
1.770000e-10,1.256591e+00,-2.222338e-02,6.339651e+00,4.505705e-01
1.780000e-10,1.256591e+00,-2.222338e-02,6.339651e+00,4.505705e-01
1.790000e-10,1.256591e+00,-2.222338e-02,6.339651e+00,4.505705e-01
1.800000e-10,1.256591e+00,-2.222338e-02,6.339651e+00,4.505705e-01
1.810000e-10,9.705246e-01,6.953128e-02,6.264015e+00,5.185911e-01
1.820000e-10,4.646234e-01,2.532181e-01,6.236021e+00,5.723053e-01
1.830000e-10,5.527405e-01,1.585562e-01,6.272483e+00,5.284998e-01
1.840000e-10,5.786880e-01,1.551508e-01,6.244632e+00,5.562924e-01
1.850000e-10,5.628495e-01,1.895029e-01,6.259262e+00,5.444689e-01
1.860000e-10,5.642635e-01,1.682391e-01,6.253423e+00,5.477129e-01
1.870000e-10,5.652927e-01,1.724222e-01,6.255649e+00,5.472841e-01
1.880000e-10,5.646098e-01,1.747109e-01,6.254621e+00,5.471912e-01
1.890000e-10,5.652047e-01,1.727906e-01,6.255154e+00,5.473232e-01
1.900000e-10,5.648092e-01,1.732147e-01,6.254924e+00,5.471847e-01
1.910000e-10,5.648934e-01,1.734043e-01,6.254983e+00,5.473122e-01
1.920000e-10,5.649694e-01,1.732324e-01,6.254989e+00,5.472219e-01
1.930000e-10,5.648997e-01,1.732743e-01,6.254975e+00,5.472701e-01
1.940000e-10,5.649193e-01,1.732901e-01,6.254982e+00,5.472507e-01
1.950000e-10,5.649245e-01,1.732722e-01,6.254980e+00,5.472567e-01
1.960000e-10,5.649185e-01,1.732794e-01,6.254980e+00,5.472551e-01
1.970000e-10,5.649198e-01,1.732786e-01,6.254980e+00,5.472556e-01
1.980000e-10,5.649206e-01,1.732778e-01,6.254980e+00,5.472554e-01
1.990000e-10,5.649199e-01,1.732784e-01,6.254980e+00,5.472554e-01
2.000000e-10,5.649201e-01,1.732782e-01,6.254980e+00,5.472555e-01
2.010000e-10,5.649205e-01,1.732786e-01,6.254985e+00,5.472575e-01
2.020000e-10,5.649440e-01,1.733032e-01,6.255230e+00,5.473675e-01
2.030000e-10,5.651596e-01,1.735170e-01,6.257265e+00,5.483204e-01
2.040000e-10,5.658310e-01,1.741470e-01,6.263104e+00,5.511806e-01
2.050000e-10,5.670925e-01,1.752944e-01,6.273522e+00,5.564683e-01
2.060000e-10,5.696088e-01,1.776153e-01,6.294512e+00,5.670674e-01
2.070000e-10,5.749577e-01,1.825635e-01,6.339633e+00,5.897694e-01
2.080000e-10,5.858262e-01,1.925300e-01,6.430375e+00,6.361107e-01
2.090000e-10,6.075809e-01,2.124496e-01,6.613346e+00,7.307242e-01
2.100000e-10,6.485735e-01,2.493857e-01,6.967148e+00,9.168713e-01
2.110000e-10,7.246286e-01,3.168098e-01,7.734962e+00,1.304300e+00
2.120000e-10,7.482181e-01,3.215710e-01,8.744413e+00,1.657925e+00
2.130000e-10,6.352616e-01,2.162054e-01,9.788918e+00,1.413185e+00
2.140000e-10,5.767460e-01,1.836547e-01,1.218934e+01,8.240809e-01
2.150000e-10,5.468766e-01,1.568348e-01,1.291825e+01,3.524324e-01
2.160000e-10,5.732469e-01,1.833991e-01,1.245568e+01,5.623637e-01
2.170000e-10,5.642931e-01,1.706105e-01,1.251060e+01,5.872088e-01
2.180000e-10,5.626119e-01,1.715193e-01,1.255463e+01,5.277189e-01
2.190000e-10,5.665857e-01,1.755136e-01,1.254088e+01,5.487781e-01
2.200000e-10,5.645323e-01,1.722300e-01,1.253281e+01,5.492282e-01
2.210000e-10,5.648185e-01,1.734351e-01,1.254028e+01,5.468237e-01
2.220000e-10,5.649633e-01,1.733567e-01,1.253796e+01,5.468353e-01
2.230000e-10,5.649777e-01,1.732487e-01,1.253809e+01,5.475693e-01
2.240000e-10,5.648652e-01,1.732578e-01,1.253813e+01,5.471765e-01
2.250000e-10,5.649363e-01,1.732997e-01,1.253823e+01,5.472531e-01
2.260000e-10,5.649238e-01,1.732708e-01,1.253814e+01,5.472586e-01
2.270000e-10,5.649160e-01,1.732782e-01,1.253817e+01,5.472599e-01
2.280000e-10,5.649206e-01,1.732794e-01,1.253817e+01,5.472524e-01
2.290000e-10,5.649209e-01,1.732778e-01,1.253817e+01,5.472566e-01
2.300000e-10,5.649197e-01,1.732783e-01,1.253817e+01,5.472559e-01
2.310000e-10,5.649201e-01,1.732783e-01,1.253817e+01,5.472556e-01
2.320000e-10,5.649203e-01,1.732783e-01,1.253817e+01,5.472558e-01
2.330000e-10,5.649201e-01,1.732783e-01,1.253817e+01,5.472557e-01
2.340000e-10,5.649202e-01,1.732783e-01,1.253817e+01,5.472558e-01
2.350000e-10,5.649202e-01,1.732783e-01,1.253817e+01,5.472557e-01
2.360000e-10,5.649202e-01,1.732783e-01,1.253817e+01,5.472558e-01
2.370000e-10,5.649202e-01,1.732783e-01,1.253817e+01,5.472557e-01
2.380000e-10,5.649202e-01,1.732783e-01,1.253817e+01,5.472558e-01
2.390000e-10,5.649202e-01,1.732783e-01,1.253817e+01,5.472558e-01
2.400000e-10,5.649202e-01,1.732783e-01,1.253817e+01,5.472558e-01
2.410000e-10,5.649202e-01,1.732783e-01,1.253817e+01,5.472558e-01
2.420000e-10,5.649202e-01,1.732783e-01,1.253817e+01,5.472558e-01
2.430000e-10,5.649202e-01,1.732783e-01,1.253817e+01,5.472558e-01
2.440000e-10,5.649202e-01,1.732783e-01,1.253817e+01,5.472558e-01
2.450000e-10,5.649202e-01,1.732783e-01,1.253817e+01,5.472558e-01
2.460000e-10,5.649202e-01,1.732783e-01,1.253817e+01,5.472558e-01
2.470000e-10,5.649202e-01,1.732783e-01,1.253817e+01,5.472558e-01
2.480000e-10,5.649202e-01,1.732783e-01,1.253817e+01,5.472558e-01
2.490000e-10,5.649202e-01,1.732783e-01,1.253817e+01,5.472558e-01
2.500000e-10,5.649202e-01,1.732783e-01,1.253817e+01,5.472558e-01
2.510000e-10,8.289775e-01,8.035136e-02,1.261539e+01,4.773834e-01
2.520000e-10,1.290083e+00,-1.096235e-01,1.264841e+01,4.197317e-01
2.530000e-10,1.316630e+00,-2.177117e-02,1.259552e+01,4.772043e-01
2.540000e-10,1.290829e+00,3.901306e-03,1.263531e+01,4.417638e-01
2.550000e-10,1.274700e+00,-3.683889e-02,1.262241e+01,4.487304e-01
2.560000e-10,1.267478e+00,-2.383708e-02,1.262272e+01,4.513893e-01
2.570000e-10,1.269108e+00,-2.273102e-02,1.262372e+01,4.492865e-01
2.580000e-10,1.271659e+00,-2.560718e-02,1.262407e+01,4.495026e-01
2.590000e-10,1.271573e+00,-2.415442e-02,1.262348e+01,4.496326e-01
2.600000e-10,1.271266e+00,-2.431253e-02,1.262360e+01,4.498003e-01
2.610000e-10,1.271271e+00,-2.452547e-02,1.262373e+01,4.495604e-01
2.620000e-10,1.271230e+00,-2.441978e-02,1.262363e+01,4.496862e-01
2.630000e-10,1.271251e+00,-2.441942e-02,1.262366e+01,4.496559e-01
2.640000e-10,1.271261e+00,-2.444282e-02,1.262366e+01,4.496525e-01
2.650000e-10,1.271257e+00,-2.442952e-02,1.262365e+01,4.496582e-01
2.660000e-10,1.271257e+00,-2.443133e-02,1.262366e+01,4.496562e-01
2.670000e-10,1.271257e+00,-2.443359e-02,1.262366e+01,4.496565e-01
2.680000e-10,1.271257e+00,-2.443197e-02,1.262366e+01,4.496564e-01
2.690000e-10,1.271257e+00,-2.443237e-02,1.262366e+01,4.496566e-01
2.700000e-10,1.271257e+00,-2.443247e-02,1.262366e+01,4.496564e-01
2.710000e-10,1.271257e+00,-2.443235e-02,1.262366e+01,4.496565e-01
2.720000e-10,1.271257e+00,-2.443238e-02,1.262366e+01,4.496565e-01
2.730000e-10,1.271257e+00,-2.443239e-02,1.262366e+01,4.496565e-01
2.740000e-10,1.271257e+00,-2.443238e-02,1.262366e+01,4.496565e-01
2.750000e-10,1.271257e+00,-2.443238e-02,1.262366e+01,4.496565e-01
2.760000e-10,1.271257e+00,-2.443238e-02,1.262366e+01,4.496565e-01
2.770000e-10,1.271257e+00,-2.443238e-02,1.262366e+01,4.496565e-01
2.780000e-10,1.271257e+00,-2.443238e-02,1.262366e+01,4.496565e-01
2.790000e-10,1.271257e+00,-2.443238e-02,1.262366e+01,4.496565e-01
2.800000e-10,1.271257e+00,-2.443238e-02,1.262366e+01,4.496565e-01
2.810000e-10,9.806079e-01,6.853754e-02,1.254703e+01,5.185605e-01
2.820000e-10,4.633414e-01,2.545424e-01,1.251891e+01,5.727452e-01
2.830000e-10,5.519690e-01,1.582164e-01,1.255599e+01,5.281591e-01
2.840000e-10,5.790386e-01,1.548422e-01,1.252764e+01,5.564403e-01
2.850000e-10,5.628691e-01,1.898056e-01,1.254251e+01,5.444347e-01
2.860000e-10,5.642220e-01,1.681504e-01,1.253659e+01,5.477149e-01
2.870000e-10,5.652976e-01,1.723987e-01,1.253884e+01,5.472866e-01
2.880000e-10,5.646097e-01,1.747407e-01,1.253780e+01,5.471901e-01
2.890000e-10,5.652088e-01,1.727821e-01,1.253834e+01,5.473246e-01
2.900000e-10,5.648069e-01,1.732126e-01,1.253811e+01,5.471838e-01
2.910000e-10,5.648932e-01,1.734070e-01,1.253817e+01,5.473135e-01
2.920000e-10,5.649704e-01,1.732317e-01,1.253817e+01,5.472216e-01
2.930000e-10,5.648994e-01,1.732742e-01,1.253816e+01,5.472707e-01
2.940000e-10,5.649193e-01,1.732904e-01,1.253817e+01,5.472509e-01
2.950000e-10,5.649246e-01,1.732722e-01,1.253817e+01,5.472570e-01
2.960000e-10,5.649185e-01,1.732795e-01,1.253817e+01,5.472554e-01
2.970000e-10,5.649198e-01,1.732787e-01,1.253817e+01,5.472559e-01
2.980000e-10,5.649207e-01,1.732778e-01,1.253817e+01,5.472557e-01
2.990000e-10,5.649200e-01,1.732784e-01,1.253817e+01,5.472557e-01
3.000000e-10,5.649202e-01,1.732783e-01,1.253817e+01,5.472558e-01
3.010000e-10,5.649206e-01,1.732787e-01,1.253817e+01,5.472578e-01
3.020000e-10,5.649441e-01,1.733033e-01,1.253842e+01,5.473678e-01
3.030000e-10,5.651597e-01,1.735170e-01,1.254045e+01,5.483208e-01
3.040000e-10,5.658312e-01,1.741472e-01,1.254629e+01,5.511812e-01
3.050000e-10,5.670929e-01,1.752948e-01,1.255671e+01,5.564700e-01
3.060000e-10,5.696099e-01,1.776164e-01,1.257771e+01,5.670721e-01
3.070000e-10,5.749603e-01,1.825659e-01,1.262284e+01,5.897805e-01
3.080000e-10,5.858315e-01,1.925349e-01,1.271360e+01,6.361336e-01
3.090000e-10,6.075921e-01,2.124598e-01,1.289663e+01,7.307733e-01
3.100000e-10,6.485935e-01,2.494037e-01,1.325051e+01,9.169661e-01
3.110000e-10,7.246614e-01,3.168374e-01,1.401853e+01,1.304486e+00
3.120000e-10,7.481917e-01,3.215390e-01,1.502792e+01,1.657949e+00
3.130000e-10,6.352241e-01,2.161786e-01,1.607269e+01,1.413009e+00
3.140000e-10,5.767308e-01,1.836442e-01,1.847345e+01,8.238295e-01
3.150000e-10,5.468779e-01,1.568364e-01,1.920121e+01,3.524066e-01
3.160000e-10,5.732537e-01,1.834048e-01,1.873883e+01,5.624510e-01
3.170000e-10,5.642867e-01,1.706036e-01,1.879381e+01,5.871684e-01
3.180000e-10,5.626153e-01,1.715240e-01,1.883782e+01,5.277226e-01
3.190000e-10,5.665850e-01,1.755120e-01,1.882406e+01,5.487823e-01
3.200000e-10,5.645323e-01,1.722302e-01,1.881600e+01,5.492274e-01
3.210000e-10,5.648187e-01,1.734354e-01,1.882347e+01,5.468234e-01
3.220000e-10,5.649635e-01,1.733566e-01,1.882114e+01,5.468361e-01
3.230000e-10,5.649777e-01,1.732488e-01,1.882128e+01,5.475695e-01
3.240000e-10,5.648653e-01,1.732579e-01,1.882132e+01,5.471767e-01
3.250000e-10,5.649364e-01,1.732997e-01,1.882141e+01,5.472534e-01
3.260000e-10,5.649238e-01,1.732709e-01,1.882132e+01,5.472589e-01
3.270000e-10,5.649161e-01,1.732783e-01,1.882136e+01,5.472602e-01
3.280000e-10,5.649207e-01,1.732795e-01,1.882135e+01,5.472527e-01
3.290000e-10,5.649210e-01,1.732779e-01,1.882135e+01,5.472569e-01
3.300000e-10,5.649198e-01,1.732784e-01,1.882135e+01,5.472562e-01
3.310000e-10,5.649202e-01,1.732784e-01,1.882135e+01,5.472559e-01
3.320000e-10,5.649203e-01,1.732783e-01,1.882135e+01,5.472561e-01
3.330000e-10,5.649202e-01,1.732783e-01,1.882135e+01,5.472560e-01
3.340000e-10,5.649202e-01,1.732783e-01,1.882135e+01,5.472561e-01
3.350000e-10,5.649202e-01,1.732783e-01,1.882135e+01,5.472560e-01
3.360000e-10,5.649202e-01,1.732783e-01,1.882135e+01,5.472561e-01
3.370000e-10,5.649202e-01,1.732783e-01,1.882135e+01,5.472561e-01
3.380000e-10,5.649202e-01,1.732783e-01,1.882135e+01,5.472561e-01
3.390000e-10,5.649202e-01,1.732783e-01,1.882135e+01,5.472561e-01
3.400000e-10,5.649202e-01,1.732783e-01,1.882135e+01,5.472561e-01
3.410000e-10,5.649202e-01,1.732783e-01,1.882135e+01,5.472561e-01
3.420000e-10,5.649202e-01,1.732783e-01,1.882135e+01,5.472561e-01
3.430000e-10,5.649202e-01,1.732783e-01,1.882135e+01,5.472561e-01
3.440000e-10,5.649202e-01,1.732783e-01,1.882135e+01,5.472561e-01
3.450000e-10,5.649202e-01,1.732783e-01,1.882135e+01,5.472561e-01
3.460000e-10,5.649202e-01,1.732783e-01,1.882135e+01,5.472561e-01
3.470000e-10,5.649202e-01,1.732783e-01,1.882135e+01,5.472561e-01
3.480000e-10,5.649202e-01,1.732783e-01,1.882135e+01,5.472561e-01
3.490000e-10,5.649202e-01,1.732783e-01,1.882135e+01,5.472561e-01
3.500000e-10,5.649202e-01,1.732783e-01,1.882135e+01,5.472561e-01
3.510000e-10,1.094437e+00,-1.138194e-02,1.897468e+01,4.087746e-01
3.520000e-10,2.306506e+00,-4.030842e-01,1.902065e+01,3.175623e-01
3.530000e-10,3.876470e+00,-2.514496e-01,1.878839e+01,5.520952e-01
3.540000e-10,6.962021e+00,4.450444e-02,1.876914e+01,6.046834e-01
3.550000e-10,7.338159e+00,3.116791e-01,1.881492e+01,5.668958e-01
3.560000e-10,6.765202e+00,2.098020e-01,1.883462e+01,5.317701e-01
3.570000e-10,6.785055e+00,1.197133e-01,1.880821e+01,5.592699e-01
3.580000e-10,6.865428e+00,1.921269e-01,1.882454e+01,5.461878e-01
3.590000e-10,6.842300e+00,1.837961e-01,1.881888e+01,5.489173e-01
3.600000e-10,6.835858e+00,1.701268e-01,1.881993e+01,5.494705e-01
3.610000e-10,6.839562e+00,1.774522e-01,1.881965e+01,5.489096e-01
3.620000e-10,6.840601e+00,1.775012e-01,1.881998e+01,5.490693e-01
3.630000e-10,6.839621e+00,1.759248e-01,1.881977e+01,5.489848e-01
3.640000e-10,6.839535e+00,1.765669e-01,1.881981e+01,5.490968e-01
3.650000e-10,6.839827e+00,1.766086e-01,1.881984e+01,5.490091e-01
3.660000e-10,6.839748e+00,1.764686e-01,1.881982e+01,5.490473e-01
3.670000e-10,6.839708e+00,1.765231e-01,1.881982e+01,5.490389e-01
3.680000e-10,6.839739e+00,1.765215e-01,1.881983e+01,5.490396e-01
3.690000e-10,6.839737e+00,1.765144e-01,1.881983e+01,5.490387e-01
3.700000e-10,6.839731e+00,1.765176e-01,1.881982e+01,5.490398e-01
3.710000e-10,6.839734e+00,1.765171e-01,1.881983e+01,5.490394e-01
3.720000e-10,6.839734e+00,1.765169e-01,1.881983e+01,5.490393e-01
3.730000e-10,6.839733e+00,1.765171e-01,1.881983e+01,5.490395e-01
3.740000e-10,6.839733e+00,1.765170e-01,1.881983e+01,5.490393e-01
3.750000e-10,6.839733e+00,1.765170e-01,1.881983e+01,5.490394e-01
3.760000e-10,6.839733e+00,1.765171e-01,1.881983e+01,5.490394e-01
3.770000e-10,6.839733e+00,1.765170e-01,1.881983e+01,5.490394e-01
3.780000e-10,6.839733e+00,1.765171e-01,1.881983e+01,5.490394e-01
3.790000e-10,6.839733e+00,1.765171e-01,1.881983e+01,5.490394e-01
3.800000e-10,6.839733e+00,1.765171e-01,1.881983e+01,5.490394e-01
3.810000e-10,6.325834e+00,3.614452e-01,1.866603e+01,6.889694e-01
3.820000e-10,5.674775e+00,7.609733e-01,1.857592e+01,8.472605e-01
3.830000e-10,5.901720e+00,6.370772e-01,1.863424e+01,7.852273e-01
3.840000e-10,5.889747e+00,5.794399e-01,1.859871e+01,8.196509e-01
3.850000e-10,5.863488e+00,6.418395e-01,1.862224e+01,8.019754e-01
3.860000e-10,5.876382e+00,6.218954e-01,1.860839e+01,8.085229e-01
3.870000e-10,5.876547e+00,6.193453e-01,1.861517e+01,8.078047e-01
3.880000e-10,5.872807e+00,6.235297e-01,1.861247e+01,8.067962e-01
3.890000e-10,5.875088e+00,6.226202e-01,1.861344e+01,8.077496e-01
3.900000e-10,5.874665e+00,6.221482e-01,1.861310e+01,8.072025e-01
3.910000e-10,5.874380e+00,6.224797e-01,1.861321e+01,8.074653e-01
3.920000e-10,5.874614e+00,6.224506e-01,1.861319e+01,8.073474e-01
3.930000e-10,5.874560e+00,6.223991e-01,1.861318e+01,8.073961e-01
3.940000e-10,5.874541e+00,6.224269e-01,1.861319e+01,8.073799e-01
3.950000e-10,5.874556e+00,6.224214e-01,1.861318e+01,8.073828e-01
3.960000e-10,5.874555e+00,6.224213e-01,1.861319e+01,8.073838e-01
3.970000e-10,5.874552e+00,6.224214e-01,1.861318e+01,8.073824e-01
3.980000e-10,5.874554e+00,6.224215e-01,1.861319e+01,8.073835e-01
3.990000e-10,5.874554e+00,6.224214e-01,1.861319e+01,8.073828e-01
4.000000e-10,5.874553e+00,6.224215e-01,1.861319e+01,8.073832e-01
4.010000e-10,5.874554e+00,6.224219e-01,1.861319e+01,8.073851e-01
4.020000e-10,5.874578e+00,6.224479e-01,1.861344e+01,8.075008e-01
4.030000e-10,5.874798e+00,6.226881e-01,1.861558e+01,8.085538e-01
4.040000e-10,5.875508e+00,6.234647e-01,1.862203e+01,8.119458e-01
4.050000e-10,5.876906e+00,6.249857e-01,1.863401e+01,8.185739e-01
4.060000e-10,5.879744e+00,6.280656e-01,1.865836e+01,8.319764e-01
4.070000e-10,5.885980e+00,6.348615e-01,1.871248e+01,8.617216e-01
4.080000e-10,5.899704e+00,6.499014e-01,1.883042e+01,9.281395e-01
4.090000e-10,5.931257e+00,6.848178e-01,1.910007e+01,1.085584e+00
4.100000e-10,6.003078e+00,7.662805e-01,1.972574e+01,1.478118e+00
4.110000e-10,6.085359e+00,8.695020e-01,2.055929e+01,2.164637e+00
4.120000e-10,6.075389e+00,8.671234e-01,2.049492e+01,2.665309e+00
4.130000e-10,6.119311e+00,9.074326e-01,1.996586e+01,3.363937e+00
4.140000e-10,6.178788e+00,9.946945e-01,1.954490e+01,5.025554e+00
4.150000e-10,6.251502e+00,1.106758e+00,1.915553e+01,5.962815e+00
4.160000e-10,6.222058e+00,1.100939e+00,1.912780e+01,6.029776e+00
4.170000e-10,6.166574e+00,9.981785e-01,1.899890e+01,6.591779e+00
4.180000e-10,6.080103e+00,8.688993e-01,1.882232e+01,6.599425e+00
4.190000e-10,5.832742e+00,5.712333e-01,1.860775e+01,7.019081e+00
4.200000e-10,5.816951e+00,5.512256e-01,1.855159e+01,7.156637e+00
4.210000e-10,5.901084e+00,6.617022e-01,1.866026e+01,7.002614e+00
4.220000e-10,5.872703e+00,6.210656e-01,1.861056e+01,7.098420e+00
4.230000e-10,5.871932e+00,6.155627e-01,1.860709e+01,7.082806e+00
4.240000e-10,5.873238e+00,6.228551e-01,1.861842e+01,7.086321e+00
4.250000e-10,5.875932e+00,6.240592e-01,1.861170e+01,7.094974e+00
4.260000e-10,5.874372e+00,6.218323e-01,1.861308e+01,7.084389e+00
4.270000e-10,5.873989e+00,6.218781e-01,1.861456e+01,7.092351e+00
4.280000e-10,5.874899e+00,6.228622e-01,1.861208e+01,7.090342e+00
4.290000e-10,5.874458e+00,6.223038e-01,1.861370e+01,7.089787e+00
4.300000e-10,5.874518e+00,6.223543e-01,1.861324e+01,7.090886e+00
4.310000e-10,5.874583e+00,6.224756e-01,1.861301e+01,7.090389e+00
4.320000e-10,5.874535e+00,6.223991e-01,1.861331e+01,7.090560e+00
4.330000e-10,5.874559e+00,6.224221e-01,1.861315e+01,7.090558e+00
4.340000e-10,5.874551e+00,6.224227e-01,1.861319e+01,7.090555e+00
4.350000e-10,5.874553e+00,6.224197e-01,1.861319e+01,7.090568e+00
4.360000e-10,5.874554e+00,6.224222e-01,1.861318e+01,7.090563e+00
4.370000e-10,5.874553e+00,6.224210e-01,1.861319e+01,7.090569e+00
4.380000e-10,5.874554e+00,6.224216e-01,1.861319e+01,7.090567e+00
4.390000e-10,5.874554e+00,6.224215e-01,1.861319e+01,7.090568e+00
4.400000e-10,5.874554e+00,6.224215e-01,1.861319e+01,7.090569e+00
4.410000e-10,5.874554e+00,6.224215e-01,1.861319e+01,7.090569e+00
4.420000e-10,5.874554e+00,6.224215e-01,1.861319e+01,7.090569e+00
4.430000e-10,5.874554e+00,6.224215e-01,1.861319e+01,7.090569e+00
4.440000e-10,5.874554e+00,6.224215e-01,1.861319e+01,7.090569e+00
4.450000e-10,5.874554e+00,6.224215e-01,1.861319e+01,7.090569e+00
4.460000e-10,5.874554e+00,6.224215e-01,1.861319e+01,7.090569e+00
4.470000e-10,5.874554e+00,6.224215e-01,1.861319e+01,7.090569e+00
4.480000e-10,5.874554e+00,6.224215e-01,1.861319e+01,7.090569e+00
4.490000e-10,5.874554e+00,6.224215e-01,1.861319e+01,7.090569e+00
4.500000e-10,5.874554e+00,6.224215e-01,1.861319e+01,7.090569e+00
4.510000e-10,6.382851e+00,4.322340e-01,1.876768e+01,6.946975e+00
4.520000e-10,7.034962e+00,3.159972e-02,1.885684e+01,6.790004e+00
4.530000e-10,6.825722e+00,1.943108e-01,1.879341e+01,6.859372e+00
4.540000e-10,6.824109e+00,2.098395e-01,1.883537e+01,6.818567e+00
4.550000e-10,6.847112e+00,1.501791e-01,1.881261e+01,6.837508e+00
4.560000e-10,6.838600e+00,1.845619e-01,1.882291e+01,6.830962e+00
4.570000e-10,6.839040e+00,1.776803e-01,1.881847e+01,6.832335e+00
4.580000e-10,6.840647e+00,1.743505e-01,1.882048e+01,6.832321e+00
4.590000e-10,6.839161e+00,1.773138e-01,1.881953e+01,6.832102e+00
4.600000e-10,6.839887e+00,1.765773e-01,1.881992e+01,6.832348e+00
4.610000e-10,6.839795e+00,1.763267e-01,1.881981e+01,6.832129e+00
4.620000e-10,6.839654e+00,1.765967e-01,1.881982e+01,6.832282e+00
4.630000e-10,6.839764e+00,1.765179e-01,1.881983e+01,6.832200e+00
4.640000e-10,6.839734e+00,1.764989e-01,1.881982e+01,6.832234e+00
4.650000e-10,6.839727e+00,1.765276e-01,1.881983e+01,6.832222e+00
4.660000e-10,6.839736e+00,1.765146e-01,1.881983e+01,6.832226e+00
4.670000e-10,6.839734e+00,1.765166e-01,1.881983e+01,6.832225e+00
4.680000e-10,6.839733e+00,1.765179e-01,1.881983e+01,6.832225e+00
4.690000e-10,6.839734e+00,1.765168e-01,1.881983e+01,6.832225e+00
4.700000e-10,6.839733e+00,1.765171e-01,1.881983e+01,6.832225e+00
4.710000e-10,6.839733e+00,1.765172e-01,1.881983e+01,6.832225e+00
4.720000e-10,6.839733e+00,1.765171e-01,1.881983e+01,6.832225e+00
4.730000e-10,6.839733e+00,1.765171e-01,1.881983e+01,6.832225e+00
4.740000e-10,6.839733e+00,1.765171e-01,1.881983e+01,6.832225e+00
4.750000e-10,6.839733e+00,1.765171e-01,1.881983e+01,6.832225e+00
4.760000e-10,6.839733e+00,1.765171e-01,1.881983e+01,6.832225e+00
4.770000e-10,6.839733e+00,1.765171e-01,1.881983e+01,6.832225e+00
4.780000e-10,6.839733e+00,1.765171e-01,1.881983e+01,6.832225e+00
4.790000e-10,6.839733e+00,1.765171e-01,1.881983e+01,6.832225e+00
4.800000e-10,6.839733e+00,1.765171e-01,1.881983e+01,6.832225e+00
4.810000e-10,6.325834e+00,3.614452e-01,1.866603e+01,6.972155e+00
4.820000e-10,5.674775e+00,7.609734e-01,1.857592e+01,7.130446e+00
4.830000e-10,5.901721e+00,6.370773e-01,1.863424e+01,7.068413e+00
4.840000e-10,5.889747e+00,5.794400e-01,1.859871e+01,7.102837e+00
4.850000e-10,5.863488e+00,6.418396e-01,1.862224e+01,7.085161e+00
4.860000e-10,5.876382e+00,6.218955e-01,1.860840e+01,7.091709e+00
4.870000e-10,5.876547e+00,6.193454e-01,1.861518e+01,7.090990e+00
4.880000e-10,5.872807e+00,6.235298e-01,1.861248e+01,7.089982e+00
4.890000e-10,5.875088e+00,6.226203e-01,1.861344e+01,7.090935e+00
4.900000e-10,5.874665e+00,6.221483e-01,1.861310e+01,7.090388e+00
4.910000e-10,5.874380e+00,6.224798e-01,1.861321e+01,7.090651e+00
4.920000e-10,5.874614e+00,6.224507e-01,1.861319e+01,7.090533e+00
4.930000e-10,5.874560e+00,6.223992e-01,1.861318e+01,7.090582e+00
4.940000e-10,5.874541e+00,6.224270e-01,1.861319e+01,7.090566e+00
4.950000e-10,5.874556e+00,6.224215e-01,1.861318e+01,7.090569e+00
4.960000e-10,5.874555e+00,6.224214e-01,1.861319e+01,7.090570e+00
4.970000e-10,5.874552e+00,6.224215e-01,1.861318e+01,7.090568e+00
4.980000e-10,5.874554e+00,6.224216e-01,1.861319e+01,7.090569e+00
4.990000e-10,5.874554e+00,6.224215e-01,1.861319e+01,7.090568e+00
5.000000e-10,5.874554e+00,6.224216e-01,1.861319e+01,7.090569e+00
5.010000e-10,5.874554e+00,6.224220e-01,1.861319e+01,7.090571e+00
5.020000e-10,5.874578e+00,6.224480e-01,1.861344e+01,7.090687e+00
5.030000e-10,5.874798e+00,6.226882e-01,1.861559e+01,7.091740e+00
5.040000e-10,5.875509e+00,6.234649e-01,1.862203e+01,7.095132e+00
5.050000e-10,5.876906e+00,6.249862e-01,1.863401e+01,7.101761e+00
5.060000e-10,5.879745e+00,6.280670e-01,1.865837e+01,7.115167e+00
5.070000e-10,5.885983e+00,6.348648e-01,1.871251e+01,7.144921e+00
5.080000e-10,5.899711e+00,6.499091e-01,1.883048e+01,7.211359e+00
5.090000e-10,5.931273e+00,6.848363e-01,1.910021e+01,7.368854e+00
5.100000e-10,6.003114e+00,7.663219e-01,1.972606e+01,7.761515e+00
5.110000e-10,6.085368e+00,8.695188e-01,2.055946e+01,8.448051e+00
5.120000e-10,6.075390e+00,8.671216e-01,2.049475e+01,8.948657e+00
5.130000e-10,6.119334e+00,9.074594e-01,1.996569e+01,9.647521e+00
5.140000e-10,6.178812e+00,9.947320e-01,1.954474e+01,1.130943e+01
5.150000e-10,6.251517e+00,1.106789e+00,1.915545e+01,1.224597e+01
5.160000e-10,6.222029e+00,1.100906e+00,1.912781e+01,1.231315e+01
5.170000e-10,6.166563e+00,9.981461e-01,1.899882e+01,1.287505e+01
5.180000e-10,6.080035e+00,8.688183e-01,1.882227e+01,1.288265e+01
5.190000e-10,5.832668e+00,5.711420e-01,1.860766e+01,1.330244e+01
5.200000e-10,5.816997e+00,5.512839e-01,1.855164e+01,1.343975e+01
5.210000e-10,5.901084e+00,6.617042e-01,1.866026e+01,1.328581e+01
5.220000e-10,5.872696e+00,6.210527e-01,1.861055e+01,1.338163e+01
5.230000e-10,5.871934e+00,6.155668e-01,1.860710e+01,1.336598e+01
5.240000e-10,5.873238e+00,6.228564e-01,1.861842e+01,1.336952e+01
5.250000e-10,5.875932e+00,6.240590e-01,1.861170e+01,1.337815e+01
5.260000e-10,5.874372e+00,6.218316e-01,1.861308e+01,1.336758e+01
5.270000e-10,5.873990e+00,6.218788e-01,1.861456e+01,1.337554e+01
5.280000e-10,5.874899e+00,6.228623e-01,1.861208e+01,1.337353e+01
5.290000e-10,5.874458e+00,6.223038e-01,1.861370e+01,1.337297e+01
5.300000e-10,5.874518e+00,6.223545e-01,1.861324e+01,1.337407e+01
5.310000e-10,5.874583e+00,6.224757e-01,1.861301e+01,1.337358e+01
5.320000e-10,5.874535e+00,6.223992e-01,1.861331e+01,1.337375e+01
5.330000e-10,5.874559e+00,6.224222e-01,1.861315e+01,1.337374e+01
5.340000e-10,5.874551e+00,6.224228e-01,1.861319e+01,1.337374e+01
5.350000e-10,5.874553e+00,6.224198e-01,1.861320e+01,1.337375e+01
5.360000e-10,5.874555e+00,6.224223e-01,1.861318e+01,1.337375e+01
5.370000e-10,5.874553e+00,6.224210e-01,1.861319e+01,1.337375e+01
5.380000e-10,5.874554e+00,6.224217e-01,1.861319e+01,1.337375e+01
5.390000e-10,5.874554e+00,6.224216e-01,1.861319e+01,1.337375e+01
5.400000e-10,5.874554e+00,6.224216e-01,1.861319e+01,1.337375e+01
5.410000e-10,5.874554e+00,6.224216e-01,1.861319e+01,1.337375e+01
5.420000e-10,5.874554e+00,6.224216e-01,1.861319e+01,1.337375e+01
5.430000e-10,5.874554e+00,6.224216e-01,1.861319e+01,1.337375e+01
5.440000e-10,5.874554e+00,6.224216e-01,1.861319e+01,1.337375e+01
5.450000e-10,5.874554e+00,6.224216e-01,1.861319e+01,1.337375e+01
5.460000e-10,5.874554e+00,6.224216e-01,1.861319e+01,1.337375e+01
5.470000e-10,5.874554e+00,6.224216e-01,1.861319e+01,1.337375e+01
5.480000e-10,5.874554e+00,6.224216e-01,1.861319e+01,1.337375e+01
5.490000e-10,5.874554e+00,6.224216e-01,1.861319e+01,1.337375e+01
5.500000e-10,5.874554e+00,6.224216e-01,1.861319e+01,1.337375e+01
5.510000e-10,5.874554e+00,6.224216e-01,1.861319e+01,1.337375e+01
5.520000e-10,5.874554e+00,6.224216e-01,1.861319e+01,1.337375e+01
5.530000e-10,5.874554e+00,6.224216e-01,1.861319e+01,1.337375e+01
5.540000e-10,5.874554e+00,6.224216e-01,1.861319e+01,1.337375e+01
5.550000e-10,5.874554e+00,6.224216e-01,1.861319e+01,1.337375e+01
5.560000e-10,5.874554e+00,6.224216e-01,1.861319e+01,1.337375e+01
5.570000e-10,5.874554e+00,6.224216e-01,1.861319e+01,1.337375e+01
5.580000e-10,5.874554e+00,6.224216e-01,1.861319e+01,1.337375e+01
5.590000e-10,5.874554e+00,6.224216e-01,1.861319e+01,1.337375e+01
5.600000e-10,5.874554e+00,6.224216e-01,1.861319e+01,1.337375e+01
5.610000e-10,5.874554e+00,6.224216e-01,1.861319e+01,1.337375e+01
5.620000e-10,5.874554e+00,6.224216e-01,1.861319e+01,1.337375e+01
5.630000e-10,5.874554e+00,6.224216e-01,1.861319e+01,1.337375e+01
5.640000e-10,5.874554e+00,6.224216e-01,1.861319e+01,1.337375e+01
5.650000e-10,5.874554e+00,6.224216e-01,1.861319e+01,1.337375e+01
5.660000e-10,5.874554e+00,6.224216e-01,1.861319e+01,1.337375e+01
5.670000e-10,5.874554e+00,6.224216e-01,1.861319e+01,1.337375e+01
5.680000e-10,5.874554e+00,6.224216e-01,1.861319e+01,1.337375e+01
5.690000e-10,5.874554e+00,6.224216e-01,1.861319e+01,1.337375e+01
5.700000e-10,5.874554e+00,6.224216e-01,1.861319e+01,1.337375e+01
5.710000e-10,5.874554e+00,6.224216e-01,1.861319e+01,1.337375e+01
5.720000e-10,5.874554e+00,6.224216e-01,1.861319e+01,1.337375e+01
5.730000e-10,5.874554e+00,6.224216e-01,1.861319e+01,1.337375e+01
5.740000e-10,5.874554e+00,6.224216e-01,1.861319e+01,1.337375e+01
5.750000e-10,5.874554e+00,6.224216e-01,1.861319e+01,1.337375e+01
5.760000e-10,5.874554e+00,6.224216e-01,1.861319e+01,1.337375e+01
5.770000e-10,5.874554e+00,6.224216e-01,1.861319e+01,1.337375e+01
5.780000e-10,5.874554e+00,6.224216e-01,1.861319e+01,1.337375e+01
5.790000e-10,5.874554e+00,6.224216e-01,1.861319e+01,1.337375e+01
5.800000e-10,5.874554e+00,6.224216e-01,1.861319e+01,1.337375e+01
5.810000e-10,5.874554e+00,6.224216e-01,1.861319e+01,1.337375e+01
5.820000e-10,5.874554e+00,6.224216e-01,1.861319e+01,1.337375e+01
5.830000e-10,5.874554e+00,6.224216e-01,1.861319e+01,1.337375e+01
5.840000e-10,5.874554e+00,6.224216e-01,1.861319e+01,1.337375e+01
5.850000e-10,5.874554e+00,6.224216e-01,1.861319e+01,1.337375e+01
5.860000e-10,5.874554e+00,6.224216e-01,1.861319e+01,1.337375e+01
5.870000e-10,5.874554e+00,6.224216e-01,1.861319e+01,1.337375e+01
5.880000e-10,5.874554e+00,6.224216e-01,1.861319e+01,1.337375e+01
5.890000e-10,5.874554e+00,6.224216e-01,1.861319e+01,1.337375e+01
5.900000e-10,5.874554e+00,6.224216e-01,1.861319e+01,1.337375e+01
5.910000e-10,5.874554e+00,6.224216e-01,1.861319e+01,1.337375e+01
5.920000e-10,5.874554e+00,6.224216e-01,1.861319e+01,1.337375e+01
5.930000e-10,5.874554e+00,6.224216e-01,1.861319e+01,1.337375e+01
5.940000e-10,5.874554e+00,6.224216e-01,1.861319e+01,1.337375e+01
5.950000e-10,5.874554e+00,6.224216e-01,1.861319e+01,1.337375e+01
5.960000e-10,5.874554e+00,6.224216e-01,1.861319e+01,1.337375e+01
5.970000e-10,5.874554e+00,6.224216e-01,1.861319e+01,1.337375e+01
5.980000e-10,5.874554e+00,6.224216e-01,1.861319e+01,1.337375e+01
5.990000e-10,5.874554e+00,6.224216e-01,1.861319e+01,1.337375e+01
6.000000e-10,5.874554e+00,6.224216e-01,1.861319e+01,1.337375e+01
6.010000e-10,5.874554e+00,6.224221e-01,1.861319e+01,1.337376e+01
6.020000e-10,5.874578e+00,6.224481e-01,1.861344e+01,1.337387e+01
6.030000e-10,5.874798e+00,6.226883e-01,1.861559e+01,1.337493e+01
6.040000e-10,5.875509e+00,6.234651e-01,1.862203e+01,1.337832e+01
6.050000e-10,5.876907e+00,6.249867e-01,1.863402e+01,1.338495e+01
6.060000e-10,5.879746e+00,6.280683e-01,1.865838e+01,1.339836e+01
6.070000e-10,5.885986e+00,6.348682e-01,1.871254e+01,1.342812e+01
6.080000e-10,5.899718e+00,6.499168e-01,1.883054e+01,1.349458e+01
6.090000e-10,5.931290e+00,6.848548e-01,1.910035e+01,1.365212e+01
6.100000e-10,6.003150e+00,7.663634e-01,1.972638e+01,1.404491e+01
6.110000e-10,6.085377e+00,8.695356e-01,2.055963e+01,1.473147e+01
6.120000e-10,6.075391e+00,8.671198e-01,2.049458e+01,1.523200e+01
6.130000e-10,6.119356e+00,9.074862e-01,1.996553e+01,1.593111e+01
6.140000e-10,6.178837e+00,9.947695e-01,1.954459e+01,1.759330e+01
6.150000e-10,6.251533e+00,1.106820e+00,1.915536e+01,1.852913e+01
6.160000e-10,6.222001e+00,1.100873e+00,1.912782e+01,1.859653e+01
6.170000e-10,6.166552e+00,9.981138e-01,1.899873e+01,1.915832e+01
6.180000e-10,6.079967e+00,8.687373e-01,1.882223e+01,1.916588e+01
6.190000e-10,5.832595e+00,5.710508e-01,1.860757e+01,1.958581e+01
6.200000e-10,5.817043e+00,5.513421e-01,1.855169e+01,1.972287e+01
6.210000e-10,5.901084e+00,6.617061e-01,1.866026e+01,1.956900e+01
6.220000e-10,5.872689e+00,6.210398e-01,1.861053e+01,1.966484e+01
6.230000e-10,5.871936e+00,6.155708e-01,1.860711e+01,1.964915e+01
6.240000e-10,5.873239e+00,6.228576e-01,1.861842e+01,1.965271e+01
6.250000e-10,5.875933e+00,6.240587e-01,1.861170e+01,1.966133e+01
6.260000e-10,5.874371e+00,6.218310e-01,1.861309e+01,1.965076e+01
6.270000e-10,5.873990e+00,6.218794e-01,1.861456e+01,1.965873e+01
6.280000e-10,5.874899e+00,6.228623e-01,1.861208e+01,1.965671e+01
6.290000e-10,5.874458e+00,6.223037e-01,1.861370e+01,1.965616e+01
6.300000e-10,5.874518e+00,6.223547e-01,1.861324e+01,1.965726e+01
6.310000e-10,5.874583e+00,6.224758e-01,1.861301e+01,1.965676e+01
6.320000e-10,5.874536e+00,6.223993e-01,1.861331e+01,1.965693e+01
6.330000e-10,5.874559e+00,6.224223e-01,1.861315e+01,1.965693e+01
6.340000e-10,5.874551e+00,6.224229e-01,1.861319e+01,1.965693e+01
6.350000e-10,5.874553e+00,6.224199e-01,1.861320e+01,1.965694e+01
6.360000e-10,5.874555e+00,6.224224e-01,1.861318e+01,1.965693e+01
6.370000e-10,5.874553e+00,6.224211e-01,1.861319e+01,1.965694e+01
6.380000e-10,5.874554e+00,6.224218e-01,1.861319e+01,1.965694e+01
6.390000e-10,5.874554e+00,6.224217e-01,1.861319e+01,1.965694e+01
6.400000e-10,5.874554e+00,6.224217e-01,1.861319e+01,1.965694e+01
6.410000e-10,5.874554e+00,6.224217e-01,1.861319e+01,1.965694e+01
6.420000e-10,5.874554e+00,6.224217e-01,1.861319e+01,1.965694e+01
6.430000e-10,5.874554e+00,6.224217e-01,1.861319e+01,1.965694e+01
6.440000e-10,5.874554e+00,6.224217e-01,1.861319e+01,1.965694e+01
6.450000e-10,5.874554e+00,6.224217e-01,1.861319e+01,1.965694e+01
6.460000e-10,5.874554e+00,6.224217e-01,1.861319e+01,1.965694e+01
6.470000e-10,5.874554e+00,6.224217e-01,1.861319e+01,1.965694e+01
6.480000e-10,5.874554e+00,6.224217e-01,1.861319e+01,1.965694e+01
6.490000e-10,5.874554e+00,6.224217e-01,1.861319e+01,1.965694e+01
6.500000e-10,5.874554e+00,6.224217e-01,1.861319e+01,1.965694e+01
6.510000e-10,5.643624e+00,1.207215e+00,1.881572e+01,1.946894e+01
6.520000e-10,5.050589e+00,2.621211e+00,1.891323e+01,1.928681e+01
6.530000e-10,5.184186e+00,5.362320e+00,1.872940e+01,1.947780e+01
6.540000e-10,5.848383e+00,7.998524e+00,1.860863e+01,1.962107e+01
6.550000e-10,6.034858e+00,7.576726e+00,1.857561e+01,1.970446e+01
6.560000e-10,5.822076e+00,6.849469e+00,1.864834e+01,1.962977e+01
6.570000e-10,5.769854e+00,6.926088e+00,1.864293e+01,1.961408e+01
6.580000e-10,5.833569e+00,7.047018e+00,1.863339e+01,1.962846e+01
6.590000e-10,5.835327e+00,6.999084e+00,1.863382e+01,1.962880e+01
6.600000e-10,5.818085e+00,6.985898e+00,1.863660e+01,1.962666e+01
6.610000e-10,5.822236e+00,6.998151e+00,1.863581e+01,1.962643e+01
6.620000e-10,5.825217e+00,6.997954e+00,1.863545e+01,1.962709e+01
6.630000e-10,5.823430e+00,6.995654e+00,1.863562e+01,1.962696e+01
6.640000e-10,5.823275e+00,6.996157e+00,1.863569e+01,1.962687e+01
6.650000e-10,5.823697e+00,6.996499e+00,1.863564e+01,1.962690e+01
6.660000e-10,5.823614e+00,6.996338e+00,1.863563e+01,1.962692e+01
6.670000e-10,5.823552e+00,6.996300e+00,1.863564e+01,1.962691e+01
6.680000e-10,5.823584e+00,6.996339e+00,1.863564e+01,1.962691e+01
6.690000e-10,5.823588e+00,6.996340e+00,1.863564e+01,1.962691e+01
6.700000e-10,5.823581e+00,6.996331e+00,1.863564e+01,1.962691e+01
6.710000e-10,5.823582e+00,6.996333e+00,1.863564e+01,1.962691e+01
6.720000e-10,5.823583e+00,6.996334e+00,1.863564e+01,1.962691e+01
6.730000e-10,5.823583e+00,6.996334e+00,1.863564e+01,1.962691e+01
6.740000e-10,5.823582e+00,6.996333e+00,1.863564e+01,1.962691e+01
6.750000e-10,5.823583e+00,6.996334e+00,1.863564e+01,1.962691e+01
6.760000e-10,5.823583e+00,6.996334e+00,1.863564e+01,1.962691e+01
6.770000e-10,5.823583e+00,6.996333e+00,1.863564e+01,1.962691e+01
6.780000e-10,5.823583e+00,6.996333e+00,1.863564e+01,1.962691e+01
6.790000e-10,5.823583e+00,6.996333e+00,1.863564e+01,1.962691e+01
6.800000e-10,5.823583e+00,6.996333e+00,1.863564e+01,1.962691e+01
6.810000e-10,6.053723e+00,6.427810e+00,1.843253e+01,1.981656e+01
6.820000e-10,6.595574e+00,5.851920e+00,1.834022e+01,2.005130e+01
6.830000e-10,6.629683e+00,6.351184e+00,1.862931e+01,1.974750e+01
6.840000e-10,6.796498e+00,6.463528e+00,1.879818e+01,1.946649e+01
6.850000e-10,6.937464e+00,6.499784e+00,1.890809e+01,1.931193e+01
6.860000e-10,6.828263e+00,6.436611e+00,1.878026e+01,1.941936e+01
6.870000e-10,6.837788e+00,6.455299e+00,1.882536e+01,1.940578e+01
6.880000e-10,6.854836e+00,6.460537e+00,1.882598e+01,1.938827e+01
6.890000e-10,6.848135e+00,6.455278e+00,1.881946e+01,1.939976e+01
6.900000e-10,6.846978e+00,6.456334e+00,1.882123e+01,1.939631e+01
6.910000e-10,6.848273e+00,6.456509e+00,1.882157e+01,1.939700e+01
6.920000e-10,6.848361e+00,6.456589e+00,1.882143e+01,1.939661e+01
6.930000e-10,6.847959e+00,6.456370e+00,1.882122e+01,1.939694e+01
6.940000e-10,6.848120e+00,6.456488e+00,1.882142e+01,1.939677e+01
6.950000e-10,6.848120e+00,6.456465e+00,1.882134e+01,1.939681e+01
6.960000e-10,6.848103e+00,6.456463e+00,1.882136e+01,1.939682e+01
6.970000e-10,6.848103e+00,6.456462e+00,1.882135e+01,1.939681e+01
6.980000e-10,6.848107e+00,6.456465e+00,1.882136e+01,1.939681e+01
6.990000e-10,6.848106e+00,6.456464e+00,1.882135e+01,1.939681e+01
7.000000e-10,6.848105e+00,6.456464e+00,1.882135e+01,1.939681e+01
7.010000e-10,6.848106e+00,6.456464e+00,1.882136e+01,1.939681e+01
7.020000e-10,6.848130e+00,6.456489e+00,1.882160e+01,1.939693e+01
7.030000e-10,6.848345e+00,6.456703e+00,1.882364e+01,1.939788e+01
7.040000e-10,6.849017e+00,6.457333e+00,1.882948e+01,1.940074e+01
7.050000e-10,6.850280e+00,6.458482e+00,1.883991e+01,1.940603e+01
7.060000e-10,6.852800e+00,6.460806e+00,1.886093e+01,1.941665e+01
7.070000e-10,6.858156e+00,6.465761e+00,1.890611e+01,1.943938e+01
7.080000e-10,6.869038e+00,6.475740e+00,1.899697e+01,1.948578e+01
7.090000e-10,6.890822e+00,6.495686e+00,1.918019e+01,1.958053e+01
7.100000e-10,6.931859e+00,6.532661e+00,1.953442e+01,1.976690e+01
7.110000e-10,7.007978e+00,6.600133e+00,2.030327e+01,2.015479e+01
7.120000e-10,7.031271e+00,6.604596e+00,2.131241e+01,2.050760e+01
7.130000e-10,6.918260e+00,6.499257e+00,2.235821e+01,2.026186e+01
7.140000e-10,6.859856e+00,6.466788e+00,2.476031e+01,1.967238e+01
7.150000e-10,6.830069e+00,6.440028e+00,2.548351e+01,1.920186e+01
7.160000e-10,6.856466e+00,6.466613e+00,2.502189e+01,1.941236e+01
7.170000e-10,6.847446e+00,6.453761e+00,2.507711e+01,1.943656e+01
7.180000e-10,6.845814e+00,6.454728e+00,2.512103e+01,1.937729e+01
7.190000e-10,6.849768e+00,6.458691e+00,2.510720e+01,1.939836e+01
7.200000e-10,6.847717e+00,6.455416e+00,2.509920e+01,1.939878e+01
7.210000e-10,6.848005e+00,6.456622e+00,2.510665e+01,1.939638e+01
7.220000e-10,6.848149e+00,6.456542e+00,2.510433e+01,1.939640e+01
7.230000e-10,6.848163e+00,6.456434e+00,2.510446e+01,1.939713e+01
7.240000e-10,6.848051e+00,6.456444e+00,2.510450e+01,1.939673e+01
7.250000e-10,6.848122e+00,6.456485e+00,2.510460e+01,1.939681e+01
7.260000e-10,6.848109e+00,6.456456e+00,2.510451e+01,1.939682e+01
7.270000e-10,6.848102e+00,6.456464e+00,2.510454e+01,1.939682e+01
7.280000e-10,6.848106e+00,6.456465e+00,2.510454e+01,1.939681e+01
7.290000e-10,6.848107e+00,6.456463e+00,2.510454e+01,1.939681e+01
7.300000e-10,6.848105e+00,6.456464e+00,2.510454e+01,1.939681e+01
7.310000e-10,6.848106e+00,6.456464e+00,2.510454e+01,1.939681e+01
7.320000e-10,6.848106e+00,6.456464e+00,2.510454e+01,1.939681e+01
7.330000e-10,6.848106e+00,6.456464e+00,2.510454e+01,1.939681e+01
7.340000e-10,6.848106e+00,6.456464e+00,2.510454e+01,1.939681e+01
7.350000e-10,6.848106e+00,6.456464e+00,2.510454e+01,1.939681e+01
7.360000e-10,6.848106e+00,6.456464e+00,2.510454e+01,1.939681e+01
7.370000e-10,6.848106e+00,6.456464e+00,2.510454e+01,1.939681e+01
7.380000e-10,6.848106e+00,6.456464e+00,2.510454e+01,1.939681e+01
7.390000e-10,6.848106e+00,6.456464e+00,2.510454e+01,1.939681e+01
7.400000e-10,6.848106e+00,6.456464e+00,2.510454e+01,1.939681e+01
7.410000e-10,6.848106e+00,6.456464e+00,2.510454e+01,1.939681e+01
7.420000e-10,6.848106e+00,6.456464e+00,2.510454e+01,1.939681e+01
7.430000e-10,6.848106e+00,6.456464e+00,2.510454e+01,1.939681e+01
7.440000e-10,6.848106e+00,6.456464e+00,2.510454e+01,1.939681e+01
7.450000e-10,6.848106e+00,6.456464e+00,2.510454e+01,1.939681e+01
7.460000e-10,6.848106e+00,6.456464e+00,2.510454e+01,1.939681e+01
7.470000e-10,6.848106e+00,6.456464e+00,2.510454e+01,1.939681e+01
7.480000e-10,6.848106e+00,6.456464e+00,2.510454e+01,1.939681e+01
7.490000e-10,6.848106e+00,6.456464e+00,2.510454e+01,1.939681e+01
7.500000e-10,6.848106e+00,6.456464e+00,2.510454e+01,1.939681e+01
7.510000e-10,6.615395e+00,7.010189e+00,2.530600e+01,1.921511e+01
7.520000e-10,6.049687e+00,7.787823e+00,2.535909e+01,1.910632e+01
7.530000e-10,5.958897e+00,7.394908e+00,2.494348e+01,1.951494e+01
7.540000e-10,5.782240e+00,6.820452e+00,2.481495e+01,1.973045e+01
7.550000e-10,5.789551e+00,6.961488e+00,2.494603e+01,1.962954e+01
7.560000e-10,5.842998e+00,7.051093e+00,2.493184e+01,1.959925e+01
7.570000e-10,5.826418e+00,6.988144e+00,2.490684e+01,1.964046e+01
7.580000e-10,5.819508e+00,6.988437e+00,2.492167e+01,1.962512e+01
7.590000e-10,5.822993e+00,6.999346e+00,2.491908e+01,1.962604e+01
7.600000e-10,5.825138e+00,6.997463e+00,2.491889e+01,1.962718e+01
7.610000e-10,5.823140e+00,6.995374e+00,2.491842e+01,1.962703e+01
7.620000e-10,5.823407e+00,6.996368e+00,2.491908e+01,1.962686e+01
7.630000e-10,5.823710e+00,6.996498e+00,2.491876e+01,1.962686e+01
7.640000e-10,5.823591e+00,6.996297e+00,2.491883e+01,1.962696e+01
7.650000e-10,5.823553e+00,6.996309e+00,2.491883e+01,1.962689e+01
7.660000e-10,5.823588e+00,6.996345e+00,2.491883e+01,1.962691e+01
7.670000e-10,5.823587e+00,6.996337e+00,2.491883e+01,1.962691e+01
7.680000e-10,5.823580e+00,6.996330e+00,2.491883e+01,1.962691e+01
7.690000e-10,5.823583e+00,6.996334e+00,2.491883e+01,1.962691e+01
7.700000e-10,5.823583e+00,6.996334e+00,2.491883e+01,1.962691e+01
7.710000e-10,5.823583e+00,6.996333e+00,2.491883e+01,1.962691e+01
7.720000e-10,5.823583e+00,6.996333e+00,2.491883e+01,1.962691e+01
7.730000e-10,5.823583e+00,6.996334e+00,2.491883e+01,1.962691e+01
7.740000e-10,5.823583e+00,6.996334e+00,2.491883e+01,1.962691e+01
7.750000e-10,5.823583e+00,6.996334e+00,2.491883e+01,1.962691e+01
7.760000e-10,5.823583e+00,6.996334e+00,2.491883e+01,1.962691e+01
7.770000e-10,5.823583e+00,6.996334e+00,2.491883e+01,1.962691e+01
7.780000e-10,5.823583e+00,6.996334e+00,2.491883e+01,1.962691e+01
7.790000e-10,5.823583e+00,6.996334e+00,2.491883e+01,1.962691e+01
7.800000e-10,5.823583e+00,6.996334e+00,2.491883e+01,1.962691e+01
7.810000e-10,6.053723e+00,6.427810e+00,2.471571e+01,1.981656e+01
7.820000e-10,6.595574e+00,5.851920e+00,2.462340e+01,2.005131e+01
7.830000e-10,6.629683e+00,6.351183e+00,2.491250e+01,1.974751e+01
7.840000e-10,6.796497e+00,6.463527e+00,2.508137e+01,1.946650e+01
7.850000e-10,6.937465e+00,6.499784e+00,2.519127e+01,1.931193e+01
7.860000e-10,6.828263e+00,6.436611e+00,2.506345e+01,1.941936e+01
7.870000e-10,6.837788e+00,6.455299e+00,2.510854e+01,1.940578e+01
7.880000e-10,6.854837e+00,6.460537e+00,2.510916e+01,1.938827e+01
7.890000e-10,6.848135e+00,6.455278e+00,2.510265e+01,1.939976e+01
7.900000e-10,6.846978e+00,6.456335e+00,2.510441e+01,1.939631e+01
7.910000e-10,6.848273e+00,6.456509e+00,2.510476e+01,1.939700e+01
7.920000e-10,6.848361e+00,6.456589e+00,2.510462e+01,1.939661e+01
7.930000e-10,6.847959e+00,6.456370e+00,2.510440e+01,1.939695e+01
7.940000e-10,6.848120e+00,6.456488e+00,2.510461e+01,1.939677e+01
7.950000e-10,6.848120e+00,6.456465e+00,2.510452e+01,1.939681e+01
7.960000e-10,6.848103e+00,6.456463e+00,2.510454e+01,1.939682e+01
7.970000e-10,6.848103e+00,6.456462e+00,2.510454e+01,1.939681e+01
7.980000e-10,6.848108e+00,6.456465e+00,2.510454e+01,1.939682e+01
7.990000e-10,6.848106e+00,6.456464e+00,2.510454e+01,1.939681e+01
8.000000e-10,6.848105e+00,6.456464e+00,2.510454e+01,1.939681e+01
8.010000e-10,6.848106e+00,6.456464e+00,2.510454e+01,1.939681e+01
8.020000e-10,6.848130e+00,6.456489e+00,2.510479e+01,1.939693e+01
8.030000e-10,6.848345e+00,6.456703e+00,2.510682e+01,1.939788e+01
8.040000e-10,6.849017e+00,6.457333e+00,2.511267e+01,1.940074e+01
8.050000e-10,6.850280e+00,6.458482e+00,2.512310e+01,1.940603e+01
8.060000e-10,6.852801e+00,6.460807e+00,2.514413e+01,1.941665e+01
8.070000e-10,6.858159e+00,6.465763e+00,2.518932e+01,1.943939e+01
8.080000e-10,6.869043e+00,6.475745e+00,2.528020e+01,1.948580e+01
8.090000e-10,6.890833e+00,6.495696e+00,2.546347e+01,1.958057e+01
8.100000e-10,6.931879e+00,6.532679e+00,2.581779e+01,1.976700e+01
8.110000e-10,7.008011e+00,6.600161e+00,2.658684e+01,2.015497e+01
8.120000e-10,7.031245e+00,6.604564e+00,2.759592e+01,2.050763e+01
8.130000e-10,6.918222e+00,6.499231e+00,2.864198e+01,2.026169e+01
8.140000e-10,6.859840e+00,6.466777e+00,3.104442e+01,1.967213e+01
8.150000e-10,6.830070e+00,6.440030e+00,3.176647e+01,1.920184e+01
8.160000e-10,6.856473e+00,6.466618e+00,3.130505e+01,1.941244e+01
8.170000e-10,6.847440e+00,6.453754e+00,3.136032e+01,1.943652e+01
8.180000e-10,6.845818e+00,6.454733e+00,3.140422e+01,1.937730e+01
8.190000e-10,6.849767e+00,6.458689e+00,3.139038e+01,1.939836e+01
8.200000e-10,6.847717e+00,6.455416e+00,3.138239e+01,1.939878e+01
8.210000e-10,6.848005e+00,6.456622e+00,3.138984e+01,1.939638e+01
8.220000e-10,6.848149e+00,6.456542e+00,3.138751e+01,1.939640e+01
8.230000e-10,6.848163e+00,6.456434e+00,3.138765e+01,1.939713e+01
8.240000e-10,6.848051e+00,6.456444e+00,3.138769e+01,1.939673e+01
8.250000e-10,6.848122e+00,6.456485e+00,3.138779e+01,1.939681e+01
8.260000e-10,6.848109e+00,6.456456e+00,3.138770e+01,1.939682e+01
8.270000e-10,6.848102e+00,6.456464e+00,3.138773e+01,1.939682e+01
8.280000e-10,6.848106e+00,6.456465e+00,3.138773e+01,1.939681e+01
8.290000e-10,6.848107e+00,6.456464e+00,3.138772e+01,1.939681e+01
8.300000e-10,6.848106e+00,6.456464e+00,3.138773e+01,1.939681e+01
8.310000e-10,6.848106e+00,6.456464e+00,3.138772e+01,1.939681e+01
8.320000e-10,6.848106e+00,6.456464e+00,3.138773e+01,1.939681e+01
8.330000e-10,6.848106e+00,6.456464e+00,3.138772e+01,1.939681e+01
8.340000e-10,6.848106e+00,6.456464e+00,3.138773e+01,1.939681e+01
8.350000e-10,6.848106e+00,6.456464e+00,3.138773e+01,1.939681e+01
8.360000e-10,6.848106e+00,6.456464e+00,3.138773e+01,1.939681e+01
8.370000e-10,6.848106e+00,6.456464e+00,3.138773e+01,1.939681e+01
8.380000e-10,6.848106e+00,6.456464e+00,3.138773e+01,1.939681e+01
8.390000e-10,6.848106e+00,6.456464e+00,3.138773e+01,1.939681e+01
8.400000e-10,6.848106e+00,6.456464e+00,3.138773e+01,1.939681e+01
8.410000e-10,6.848106e+00,6.456464e+00,3.138773e+01,1.939681e+01
8.420000e-10,6.848106e+00,6.456464e+00,3.138773e+01,1.939681e+01
8.430000e-10,6.848106e+00,6.456464e+00,3.138773e+01,1.939681e+01
8.440000e-10,6.848106e+00,6.456464e+00,3.138773e+01,1.939681e+01
8.450000e-10,6.848106e+00,6.456464e+00,3.138773e+01,1.939681e+01
8.460000e-10,6.848106e+00,6.456464e+00,3.138773e+01,1.939681e+01
8.470000e-10,6.848106e+00,6.456464e+00,3.138773e+01,1.939681e+01
8.480000e-10,6.848106e+00,6.456464e+00,3.138773e+01,1.939681e+01
8.490000e-10,6.848106e+00,6.456464e+00,3.138773e+01,1.939681e+01
8.500000e-10,6.848106e+00,6.456464e+00,3.138773e+01,1.939681e+01
8.510000e-10,6.848106e+00,6.456464e+00,3.138773e+01,1.939681e+01
8.520000e-10,6.848106e+00,6.456464e+00,3.138773e+01,1.939681e+01
8.530000e-10,6.848106e+00,6.456464e+00,3.138773e+01,1.939681e+01
8.540000e-10,6.848106e+00,6.456464e+00,3.138773e+01,1.939681e+01
8.550000e-10,6.848106e+00,6.456464e+00,3.138773e+01,1.939681e+01
8.560000e-10,6.848106e+00,6.456464e+00,3.138773e+01,1.939681e+01
8.570000e-10,6.848106e+00,6.456464e+00,3.138773e+01,1.939681e+01
8.580000e-10,6.848106e+00,6.456464e+00,3.138773e+01,1.939681e+01
8.590000e-10,6.848106e+00,6.456464e+00,3.138773e+01,1.939681e+01
8.600000e-10,6.848106e+00,6.456464e+00,3.138773e+01,1.939681e+01
8.610000e-10,6.848106e+00,6.456464e+00,3.138773e+01,1.939681e+01
8.620000e-10,6.848106e+00,6.456464e+00,3.138773e+01,1.939681e+01
8.630000e-10,6.848106e+00,6.456464e+00,3.138773e+01,1.939681e+01
8.640000e-10,6.848106e+00,6.456464e+00,3.138773e+01,1.939681e+01
8.650000e-10,6.848106e+00,6.456464e+00,3.138773e+01,1.939681e+01
8.660000e-10,6.848106e+00,6.456464e+00,3.138773e+01,1.939681e+01
8.670000e-10,6.848106e+00,6.456464e+00,3.138773e+01,1.939681e+01
8.680000e-10,6.848106e+00,6.456464e+00,3.138773e+01,1.939681e+01
8.690000e-10,6.848106e+00,6.456464e+00,3.138773e+01,1.939681e+01
8.700000e-10,6.848106e+00,6.456464e+00,3.138773e+01,1.939681e+01
8.710000e-10,6.848106e+00,6.456464e+00,3.138773e+01,1.939681e+01
8.720000e-10,6.848106e+00,6.456464e+00,3.138773e+01,1.939681e+01
8.730000e-10,6.848106e+00,6.456464e+00,3.138773e+01,1.939681e+01
8.740000e-10,6.848106e+00,6.456464e+00,3.138773e+01,1.939681e+01
8.750000e-10,6.848106e+00,6.456464e+00,3.138773e+01,1.939681e+01
8.760000e-10,6.848106e+00,6.456464e+00,3.138773e+01,1.939681e+01
8.770000e-10,6.848106e+00,6.456464e+00,3.138773e+01,1.939681e+01
8.780000e-10,6.848106e+00,6.456464e+00,3.138773e+01,1.939681e+01
8.790000e-10,6.848106e+00,6.456464e+00,3.138773e+01,1.939681e+01
8.800000e-10,6.848106e+00,6.456464e+00,3.138773e+01,1.939681e+01
8.810000e-10,6.848106e+00,6.456464e+00,3.138773e+01,1.939681e+01
8.820000e-10,6.848106e+00,6.456464e+00,3.138773e+01,1.939681e+01
8.830000e-10,6.848106e+00,6.456464e+00,3.138773e+01,1.939681e+01
8.840000e-10,6.848106e+00,6.456464e+00,3.138773e+01,1.939681e+01
8.850000e-10,6.848106e+00,6.456464e+00,3.138773e+01,1.939681e+01
8.860000e-10,6.848106e+00,6.456464e+00,3.138773e+01,1.939681e+01
8.870000e-10,6.848106e+00,6.456464e+00,3.138773e+01,1.939681e+01
8.880000e-10,6.848106e+00,6.456464e+00,3.138773e+01,1.939681e+01
8.890000e-10,6.848106e+00,6.456464e+00,3.138773e+01,1.939681e+01
8.900000e-10,6.848106e+00,6.456464e+00,3.138773e+01,1.939681e+01
8.910000e-10,6.848106e+00,6.456464e+00,3.138773e+01,1.939681e+01
8.920000e-10,6.848106e+00,6.456464e+00,3.138773e+01,1.939681e+01
8.930000e-10,6.848106e+00,6.456464e+00,3.138773e+01,1.939681e+01
8.940000e-10,6.848106e+00,6.456464e+00,3.138773e+01,1.939681e+01
8.950000e-10,6.848106e+00,6.456464e+00,3.138773e+01,1.939681e+01
8.960000e-10,6.848106e+00,6.456464e+00,3.138773e+01,1.939681e+01
8.970000e-10,6.848106e+00,6.456464e+00,3.138773e+01,1.939681e+01
8.980000e-10,6.848106e+00,6.456464e+00,3.138773e+01,1.939681e+01
8.990000e-10,6.848106e+00,6.456464e+00,3.138773e+01,1.939681e+01
9.000000e-10,6.848106e+00,6.456464e+00,3.138773e+01,1.939681e+01
9.010000e-10,6.848106e+00,6.456464e+00,3.138773e+01,1.939682e+01
9.020000e-10,6.848130e+00,6.456489e+00,3.138797e+01,1.939693e+01
9.030000e-10,6.848346e+00,6.456703e+00,3.139001e+01,1.939788e+01
9.040000e-10,6.849017e+00,6.457333e+00,3.139585e+01,1.940074e+01
9.050000e-10,6.850281e+00,6.458482e+00,3.140629e+01,1.940604e+01
9.060000e-10,6.852802e+00,6.460808e+00,3.142732e+01,1.941666e+01
9.070000e-10,6.858161e+00,6.465766e+00,3.147253e+01,1.943940e+01
9.080000e-10,6.869049e+00,6.475749e+00,3.156343e+01,1.948583e+01
9.090000e-10,6.890844e+00,6.495706e+00,3.174675e+01,1.958062e+01
9.100000e-10,6.931899e+00,6.532697e+00,3.210116e+01,1.976709e+01
9.110000e-10,7.008043e+00,6.600188e+00,3.287041e+01,2.015516e+01
9.120000e-10,7.031218e+00,6.604532e+00,3.387944e+01,2.050765e+01
9.130000e-10,6.918185e+00,6.499204e+00,3.492575e+01,2.026151e+01
9.140000e-10,6.859825e+00,6.466767e+00,3.732852e+01,1.967188e+01
9.150000e-10,6.830071e+00,6.440031e+00,3.804943e+01,1.920181e+01
9.160000e-10,6.856479e+00,6.466624e+00,3.758820e+01,1.941253e+01
9.170000e-10,6.847434e+00,6.453748e+00,3.764353e+01,1.943648e+01
9.180000e-10,6.845821e+00,6.454737e+00,3.768741e+01,1.937730e+01
9.190000e-10,6.849766e+00,6.458688e+00,3.767356e+01,1.939836e+01
9.200000e-10,6.847717e+00,6.455416e+00,3.766558e+01,1.939878e+01
9.210000e-10,6.848005e+00,6.456623e+00,3.767303e+01,1.939638e+01
9.220000e-10,6.848150e+00,6.456542e+00,3.767070e+01,1.939640e+01
9.230000e-10,6.848163e+00,6.456434e+00,3.767084e+01,1.939713e+01
9.240000e-10,6.848051e+00,6.456444e+00,3.767088e+01,1.939673e+01
9.250000e-10,6.848122e+00,6.456485e+00,3.767097e+01,1.939681e+01
9.260000e-10,6.848110e+00,6.456457e+00,3.767088e+01,1.939682e+01
9.270000e-10,6.848102e+00,6.456464e+00,3.767092e+01,1.939682e+01
9.280000e-10,6.848106e+00,6.456465e+00,3.767091e+01,1.939681e+01
9.290000e-10,6.848107e+00,6.456464e+00,3.767091e+01,1.939681e+01
9.300000e-10,6.848106e+00,6.456464e+00,3.767091e+01,1.939681e+01
9.310000e-10,6.848106e+00,6.456464e+00,3.767091e+01,1.939681e+01
9.320000e-10,6.848106e+00,6.456464e+00,3.767091e+01,1.939681e+01
9.330000e-10,6.848106e+00,6.456464e+00,3.767091e+01,1.939681e+01
9.340000e-10,6.848106e+00,6.456464e+00,3.767091e+01,1.939681e+01
9.350000e-10,6.848106e+00,6.456464e+00,3.767091e+01,1.939681e+01
9.360000e-10,6.848106e+00,6.456464e+00,3.767091e+01,1.939681e+01
9.370000e-10,6.848106e+00,6.456464e+00,3.767091e+01,1.939681e+01
9.380000e-10,6.848106e+00,6.456464e+00,3.767091e+01,1.939681e+01
9.390000e-10,6.848106e+00,6.456464e+00,3.767091e+01,1.939681e+01
9.400000e-10,6.848106e+00,6.456464e+00,3.767091e+01,1.939681e+01
9.410000e-10,6.848106e+00,6.456464e+00,3.767091e+01,1.939681e+01
9.420000e-10,6.848106e+00,6.456464e+00,3.767091e+01,1.939681e+01
9.430000e-10,6.848106e+00,6.456464e+00,3.767091e+01,1.939681e+01
9.440000e-10,6.848106e+00,6.456464e+00,3.767091e+01,1.939681e+01
9.450000e-10,6.848106e+00,6.456464e+00,3.767091e+01,1.939681e+01
9.460000e-10,6.848106e+00,6.456464e+00,3.767091e+01,1.939681e+01
9.470000e-10,6.848106e+00,6.456464e+00,3.767091e+01,1.939681e+01
9.480000e-10,6.848106e+00,6.456464e+00,3.767091e+01,1.939681e+01
9.490000e-10,6.848106e+00,6.456464e+00,3.767091e+01,1.939681e+01
9.500000e-10,6.848106e+00,6.456464e+00,3.767091e+01,1.939681e+01
9.510000e-10,6.848106e+00,6.456464e+00,3.767091e+01,1.939681e+01
9.520000e-10,6.848106e+00,6.456464e+00,3.767091e+01,1.939681e+01
9.530000e-10,6.848106e+00,6.456464e+00,3.767091e+01,1.939681e+01
9.540000e-10,6.848106e+00,6.456464e+00,3.767091e+01,1.939681e+01
9.550000e-10,6.848106e+00,6.456464e+00,3.767091e+01,1.939681e+01
9.560000e-10,6.848106e+00,6.456464e+00,3.767091e+01,1.939681e+01
9.570000e-10,6.848106e+00,6.456464e+00,3.767091e+01,1.939681e+01
9.580000e-10,6.848106e+00,6.456464e+00,3.767091e+01,1.939681e+01
9.590000e-10,6.848106e+00,6.456464e+00,3.767091e+01,1.939681e+01
9.600000e-10,6.848106e+00,6.456464e+00,3.767091e+01,1.939681e+01
9.610000e-10,6.848106e+00,6.456464e+00,3.767091e+01,1.939681e+01
9.621000e-10,6.848106e+00,6.456464e+00,3.767091e+01,1.939681e+01
9.631000e-10,6.848106e+00,6.456464e+00,3.767091e+01,1.939681e+01
9.641000e-10,6.848106e+00,6.456464e+00,3.767091e+01,1.939681e+01
9.651000e-10,6.848106e+00,6.456464e+00,3.767091e+01,1.939681e+01
9.661000e-10,6.848106e+00,6.456464e+00,3.767091e+01,1.939681e+01
9.671000e-10,6.848106e+00,6.456464e+00,3.767091e+01,1.939681e+01
9.681000e-10,6.848106e+00,6.456464e+00,3.767091e+01,1.939681e+01
9.691000e-10,6.848106e+00,6.456464e+00,3.767091e+01,1.939681e+01
9.701000e-10,6.848106e+00,6.456464e+00,3.767091e+01,1.939681e+01
9.711000e-10,6.848106e+00,6.456464e+00,3.767091e+01,1.939681e+01
9.721000e-10,6.848106e+00,6.456464e+00,3.767091e+01,1.939681e+01
9.731000e-10,6.848106e+00,6.456464e+00,3.767091e+01,1.939681e+01
9.741000e-10,6.848106e+00,6.456464e+00,3.767091e+01,1.939681e+01
9.751000e-10,6.848106e+00,6.456464e+00,3.767091e+01,1.939681e+01
9.761000e-10,6.848106e+00,6.456464e+00,3.767091e+01,1.939681e+01
9.771000e-10,6.848106e+00,6.456464e+00,3.767091e+01,1.939681e+01
9.781000e-10,6.848106e+00,6.456464e+00,3.767091e+01,1.939681e+01
9.791000e-10,6.848106e+00,6.456464e+00,3.767091e+01,1.939681e+01
9.801000e-10,6.848106e+00,6.456464e+00,3.767091e+01,1.939681e+01
9.811000e-10,6.848106e+00,6.456464e+00,3.767091e+01,1.939681e+01
9.821000e-10,6.848106e+00,6.456464e+00,3.767091e+01,1.939681e+01
9.831000e-10,6.848106e+00,6.456464e+00,3.767091e+01,1.939681e+01
9.841000e-10,6.848106e+00,6.456464e+00,3.767091e+01,1.939681e+01
9.851000e-10,6.848106e+00,6.456464e+00,3.767091e+01,1.939681e+01
9.861000e-10,6.848106e+00,6.456464e+00,3.767091e+01,1.939681e+01
9.871000e-10,6.848106e+00,6.456464e+00,3.767091e+01,1.939681e+01
9.881000e-10,6.848106e+00,6.456464e+00,3.767091e+01,1.939681e+01
9.891000e-10,6.848106e+00,6.456464e+00,3.767091e+01,1.939681e+01
9.901000e-10,6.848106e+00,6.456464e+00,3.767091e+01,1.939681e+01
9.911000e-10,6.848106e+00,6.456464e+00,3.767091e+01,1.939681e+01
9.921000e-10,6.848106e+00,6.456464e+00,3.767091e+01,1.939681e+01
9.931000e-10,6.848106e+00,6.456464e+00,3.767091e+01,1.939681e+01
9.941000e-10,6.848106e+00,6.456464e+00,3.767091e+01,1.939681e+01
9.951000e-10,6.848106e+00,6.456464e+00,3.767091e+01,1.939681e+01
9.961000e-10,6.848106e+00,6.456464e+00,3.767091e+01,1.939681e+01
9.971000e-10,6.848106e+00,6.456464e+00,3.767091e+01,1.939681e+01
9.981000e-10,6.848106e+00,6.456464e+00,3.767091e+01,1.939681e+01
9.991000e-10,6.848106e+00,6.456464e+00,3.767091e+01,1.939681e+01
